,USACOR,IWO,USARSY,receivables,ebitdamargin
b0,-0.05098181183809164,-0.050981811838091785,-0.05098680066420713,-0.050981811838091785,-0.05098181183809177
b1,-0.1071089670198849,-0.0552329195388583,0.4237519670703782,0.23070694708716655,-0.01630345012254779
b2,0.02032284051770092,0.043539484372968146,-0.04967208731094397,0.05851701404103059,0.04212950273592007
b3,0.07418279580402068,-0.0739735980575602,0.004486173885739422,0.10790795439556101,-0.019600330928399884
